{
	"defaultSeverity": "warning",
	"rulesDirectory": [],
	"extends": [
		"tslint:recommended"
	],
	"jsRules": {},
	"rules": {
		"no-boolean-literal-compare": true,
		"max-classes-per-file": false,
		"object-literal-shorthand": false,
		"no-any": {
			"severity": "warning"
		},
		"jsdoc-format": {
			"severity": "warning"
		},
		"array-type": false,
		"object-literal-key-quotes": [true, "as-needed"],
		"no-return-await": true,
		"no-reference": true,
		"arrow-parens": false,
		"member-access": {
			"options": "no-public"
		},
		"member-ordering": false,
        "cyclomatic-complexity": [true, 5],
		"max-line-length":[true, 120],
		"object-literal-sort-keys":true,
		"comment-format": {
			"options": ["check-space"]
		},
		"indent": [true, "tabs"],
		"no-console":false,
		"trailing-comma":true,
		"no-var-requires": false
	}
}